-- 보다수학 DB (SQLite)
-- Cursor에서 바로 사용 가능
PRAGMA encoding="UTF-8";
PRAGMA foreign_keys=OFF;

BEGIN TRANSACTION;
CREATE TABLE commission_rate_history (
  id               INTEGER PRIMARY KEY AUTOINCREMENT,
  subscription_id  INTEGER NOT NULL,
  previous_rate    REAL NOT NULL,
  new_rate         REAL NOT NULL,
  changed_month    TEXT NOT NULL,
  reason           TEXT,
  created_at       TEXT DEFAULT CURRENT_TIMESTAMP,
  FOREIGN KEY (subscription_id) REFERENCES subscriptions(id)
);
CREATE TABLE monthly_lesson_records (
  id                 INTEGER PRIMARY KEY AUTOINCREMENT,
  billing_month      TEXT NOT NULL,
  subscription_id    INTEGER NOT NULL,
  student_id         INTEGER NOT NULL,
  teacher_id         INTEGER NOT NULL,
  total_sessions     INTEGER DEFAULT 0,
  completed_sessions INTEGER DEFAULT 0,
  billing_unit       TEXT,
  base_amount        INTEGER DEFAULT 0,
  special_amount     INTEGER DEFAULT 0,
  refund_amount      INTEGER DEFAULT 0,
  final_amount       INTEGER DEFAULT 0,
  commission_rate    REAL,
  trial_fee          INTEGER DEFAULT 0,
  payment_tag        TEXT,
  memo               TEXT,
  FOREIGN KEY (subscription_id) REFERENCES subscriptions(id),
  FOREIGN KEY (student_id)      REFERENCES student_profiles(id),
  FOREIGN KEY (teacher_id)      REFERENCES teacher_profiles(id)
);
CREATE TABLE products (
  id                INTEGER PRIMARY KEY AUTOINCREMENT,
  name              TEXT NOT NULL,
  level             TEXT NOT NULL,
  sessions_per_week INTEGER NOT NULL,
  duration_min      INTEGER NOT NULL,
  price_standard    INTEGER,
  price_17          INTEGER,
  price_35          INTEGER,
  price_per_session INTEGER,
  billing_unit      TEXT NOT NULL DEFAULT 'monthly',
  is_active         INTEGER DEFAULT 1,
  created_at        TEXT DEFAULT CURRENT_TIMESTAMP
);
INSERT INTO "products" VALUES(1,'고등 주1회 60분','high',1,60,250000,210000,150000,55000,'monthly',1,'2026-05-27 05:51:15');
INSERT INTO "products" VALUES(2,'고등 주1회 90분','high',1,90,300000,250000,200000,65000,'monthly',1,'2026-05-27 05:51:15');
INSERT INTO "products" VALUES(3,'고등 주1회 120분','high',1,120,360000,300000,240000,75000,'monthly',1,'2026-05-27 05:51:15');
INSERT INTO "products" VALUES(4,'고등 주2회 60분','high',2,60,480000,400000,250000,50000,'monthly',1,'2026-05-27 05:51:15');
INSERT INTO "products" VALUES(5,'고등 주2회 90분','high',2,90,530000,440000,350000,55000,'monthly',1,'2026-05-27 05:51:15');
INSERT INTO "products" VALUES(6,'고등 주2회 120분','high',2,120,650000,540000,430000,70000,'monthly',1,'2026-05-27 05:51:15');
INSERT INTO "products" VALUES(7,'고등 주3회 60분','high',3,60,660000,550000,350000,50000,'monthly',1,'2026-05-27 05:51:15');
INSERT INTO "products" VALUES(8,'고등 주3회 90분','high',3,90,750000,630000,500000,55000,'monthly',1,'2026-05-27 05:51:15');
INSERT INTO "products" VALUES(9,'고등 주3회 120분','high',3,120,950000,790000,630000,70000,'monthly',1,'2026-05-27 05:51:15');
INSERT INTO "products" VALUES(10,'중등 주1회 60분','middle',1,60,230000,190000,140000,48000,'monthly',1,'2026-05-27 05:51:15');
INSERT INTO "products" VALUES(11,'중등 주1회 90분','middle',1,90,270000,230000,180000,58000,'monthly',1,'2026-05-27 05:51:15');
INSERT INTO "products" VALUES(12,'중등 주1회 120분','middle',1,120,350000,290000,230000,70000,'monthly',1,'2026-05-27 05:51:15');
INSERT INTO "products" VALUES(13,'중등 주2회 60분','middle',2,60,380000,320000,240000,40000,'monthly',1,'2026-05-27 05:51:15');
INSERT INTO "products" VALUES(14,'중등 주2회 90분','middle',2,90,480000,400000,320000,50000,'monthly',1,'2026-05-27 05:51:15');
INSERT INTO "products" VALUES(15,'중등 주2회 120분','middle',2,120,620000,520000,410000,65000,'monthly',1,'2026-05-27 05:51:15');
INSERT INTO "products" VALUES(16,'중등 주3회 60분','middle',3,60,530000,440000,330000,37000,'monthly',1,'2026-05-27 05:51:15');
INSERT INTO "products" VALUES(17,'중등 주3회 90분','middle',3,90,660000,550000,440000,46000,'monthly',1,'2026-05-27 05:51:15');
INSERT INTO "products" VALUES(18,'중등 주3회 120분','middle',3,120,870000,730000,580000,61000,'monthly',1,'2026-05-27 05:51:15');
INSERT INTO "products" VALUES(19,'초등 주1회 60분','elementary',1,60,200000,170000,130000,42000,'monthly',1,'2026-05-27 05:51:15');
INSERT INTO "products" VALUES(20,'초등 주2회 60분','elementary',2,60,330000,280000,220000,35000,'monthly',1,'2026-05-27 05:51:15');
INSERT INTO "products" VALUES(21,'초등 주3회 60분','elementary',3,60,450000,380000,300000,32000,'monthly',1,'2026-05-27 05:51:15');
CREATE TABLE refund_requests (
  id                 INTEGER PRIMARY KEY AUTOINCREMENT,
  subscription_id    INTEGER NOT NULL,
  student_id         INTEGER NOT NULL,
  billing_month      TEXT NOT NULL,
  reason_type        TEXT,
  reason_detail      TEXT,
  total_sessions     INTEGER,
  completed_sessions INTEGER,
  progress_rate      REAL,
  paid_amount        INTEGER NOT NULL,
  refund_rate        REAL,
  refund_amount      INTEGER NOT NULL,
  status             TEXT DEFAULT 'pending',
  requested_at       TEXT DEFAULT CURRENT_TIMESTAMP,
  approved_at        TEXT,
  completed_at       TEXT,
  FOREIGN KEY (subscription_id) REFERENCES subscriptions(id),
  FOREIGN KEY (student_id)      REFERENCES student_profiles(id)
);
CREATE TABLE settlements (
  id                 INTEGER PRIMARY KEY AUTOINCREMENT,
  billing_month      TEXT NOT NULL,
  teacher_id         INTEGER NOT NULL,
  settlement_type    TEXT NOT NULL,
  gross_amount       INTEGER NOT NULL DEFAULT 0,
  trial_fee          INTEGER DEFAULT 0,
  commission_rate    REAL NOT NULL,
  pre_tax_amount     INTEGER NOT NULL DEFAULT 0,
  withholding_rate   REAL DEFAULT 3.30,
  withholding_amount INTEGER NOT NULL DEFAULT 0,
  net_amount         INTEGER NOT NULL DEFAULT 0,
  status             TEXT DEFAULT 'pending',
  settled_at         TEXT,
  FOREIGN KEY (teacher_id) REFERENCES teacher_profiles(id)
);
INSERT INTO "settlements" VALUES(1,'2026-04',2,'monthly',973900,0,80.0,779120,3.3,25710,753410,'paid','2026-05-10');
INSERT INTO "settlements" VALUES(2,'2026-04',3,'monthly',3720000,0,80.0,2976000,3.3,98208,2877792,'paid','2026-05-10');
INSERT INTO "settlements" VALUES(3,'2026-04',4,'monthly',440000,0,60.0,264000,3.3,8712,255288,'paid','2026-05-10');
INSERT INTO "settlements" VALUES(4,'2026-04',5,'monthly',780000,0,60.0,468000,3.3,15444,452556,'paid','2026-05-10');
INSERT INTO "settlements" VALUES(5,'2026-04',8,'monthly',290000,0,60.0,174000,3.3,5742,168258,'paid','2026-05-10');
INSERT INTO "settlements" VALUES(6,'2026-04',17,'monthly',0,20000,60.0,20000,3.3,660,19340,'paid','2026-05-10');
INSERT INTO "settlements" VALUES(7,'2026-04',21,'monthly',840000,10000,60.0,514000,3.3,16962,497038,'paid','2026-05-10');
INSERT INTO "settlements" VALUES(8,'2026-04',22,'monthly',1050000,0,60.0,630000,3.3,20790,609210,'paid','2026-05-10');
INSERT INTO "settlements" VALUES(9,'2026-04',9,'per_session',264000,0,60.0,158400,3.3,5227,153173,'paid','2026-05-10');
INSERT INTO "settlements" VALUES(10,'2026-04',19,'per_session',168000,10000,60.0,110800,3.3,3656,107144,'paid','2026-05-10');
INSERT INTO "settlements" VALUES(11,'2026-04',17,'per_session',104400,20000,60.0,82640,3.3,2727,79913,'paid','2026-05-10');
INSERT INTO "settlements" VALUES(12,'2026-04',14,'per_session',99000,20000,60.0,79400,3.3,2620,76780,'paid','2026-05-10');
INSERT INTO "settlements" VALUES(13,'2026-04',21,'per_session',45000,10000,60.0,37000,3.3,1221,35779,'paid','2026-05-10');
INSERT INTO "settlements" VALUES(14,'2026-03',2,'monthly',638800,10000,80.0,521040,3.3,17194,503846,'paid','2026-04-10');
INSERT INTO "settlements" VALUES(15,'2026-03',3,'monthly',3940000,0,80.0,3152000,3.3,104016,3047984,'paid','2026-04-10');
INSERT INTO "settlements" VALUES(16,'2026-03',5,'monthly',780000,30000,60.0,498000,3.3,16434,481566,'paid','2026-04-10');
INSERT INTO "settlements" VALUES(17,'2026-03',6,'monthly',440000,0,60.0,264000,3.3,8712,255288,'paid','2026-04-10');
INSERT INTO "settlements" VALUES(18,'2026-03',8,'monthly',520000,0,60.0,312000,3.3,10296,301704,'paid','2026-04-10');
INSERT INTO "settlements" VALUES(19,'2026-03',22,'monthly',991100,20000,60.0,614660,3.3,20283,594377,'paid','2026-04-10');
INSERT INTO "settlements" VALUES(20,'2026-03',10,'monthly',0,10000,60.0,10000,3.3,330,9670,'paid','2026-04-10');
INSERT INTO "settlements" VALUES(21,'2026-03',13,'monthly',0,10000,60.0,10000,3.3,330,9670,'paid','2026-04-10');
INSERT INTO "settlements" VALUES(22,'2026-03',21,'monthly',0,10000,60.0,10000,3.3,330,9670,'paid','2026-04-10');
INSERT INTO "settlements" VALUES(23,'2026-03',9,'per_session',33000,10000,60.0,29800,3.3,983,28817,'paid','2026-04-10');
INSERT INTO "settlements" VALUES(24,'2026-03',11,'per_session',34800,10000,60.0,30880,3.3,1019,29861,'paid','2026-04-10');
INSERT INTO "settlements" VALUES(25,'2026-02',2,'monthly',320000,0,80.0,256000,3.3,8448,247552,'paid','2026-03-10');
INSERT INTO "settlements" VALUES(26,'2026-02',3,'monthly',3350000,0,80.0,2680000,3.3,88440,2591560,'paid','2026-03-10');
INSERT INTO "settlements" VALUES(27,'2026-02',4,'monthly',320000,0,60.0,192000,3.3,6336,185664,'paid','2026-03-10');
INSERT INTO "settlements" VALUES(28,'2026-02',5,'monthly',780000,10000,60.0,478000,3.3,15774,462226,'paid','2026-03-10');
INSERT INTO "settlements" VALUES(29,'2026-02',6,'monthly',440000,0,60.0,264000,3.3,8712,255288,'paid','2026-03-10');
INSERT INTO "settlements" VALUES(30,'2026-02',7,'monthly',540000,0,60.0,324000,3.3,10692,313308,'paid','2026-03-10');
INSERT INTO "settlements" VALUES(31,'2026-02',8,'monthly',870000,0,60.0,522000,3.3,17226,504774,'paid','2026-03-10');
INSERT INTO "settlements" VALUES(32,'2026-02',22,'monthly',400000,0,60.0,240000,3.3,7920,232080,'paid','2026-03-10');
INSERT INTO "settlements" VALUES(33,'2026-01',3,'monthly',3467700,0,80.0,2774160,3.3,91547,2682613,'paid','2026-02-10');
INSERT INTO "settlements" VALUES(34,'2026-01',4,'monthly',950000,0,60.0,570000,3.3,18810,551190,'paid','2026-02-10');
INSERT INTO "settlements" VALUES(35,'2026-01',5,'monthly',950000,0,60.0,570000,3.3,18810,551190,'paid','2026-02-10');
INSERT INTO "settlements" VALUES(36,'2026-01',6,'monthly',440000,0,60.0,264000,3.3,8712,255288,'paid','2026-02-10');
INSERT INTO "settlements" VALUES(37,'2026-01',7,'monthly',540000,0,60.0,324000,3.3,10692,313308,'paid','2026-02-10');
INSERT INTO "settlements" VALUES(38,'2026-01',8,'monthly',927500,0,60.0,556500,3.3,18364,538136,'paid','2026-02-10');
INSERT INTO "settlements" VALUES(39,'2026-01',22,'monthly',400000,0,60.0,240000,3.3,7920,232080,'paid','2026-02-10');
INSERT INTO "settlements" VALUES(40,'2025-12',3,'monthly',3465500,0,80.0,2772400,3.3,91489,2680911,'paid','2026-01-10');
INSERT INTO "settlements" VALUES(41,'2025-12',4,'monthly',760000,0,65.0,494000,3.3,16302,477698,'paid','2026-01-10');
INSERT INTO "settlements" VALUES(42,'2025-12',5,'monthly',1020000,10000,60.0,622000,3.3,20526,601474,'paid','2026-01-10');
INSERT INTO "settlements" VALUES(43,'2025-12',6,'monthly',550000,0,60.0,330000,3.3,10890,319110,'paid','2026-01-10');
INSERT INTO "settlements" VALUES(44,'2025-12',23,'monthly',590200,0,60.0,354120,3.3,11685,342435,'paid','2026-01-10');
INSERT INTO "settlements" VALUES(45,'2025-12',7,'monthly',820000,0,60.0,492000,3.3,16236,475764,'paid','2026-01-10');
INSERT INTO "settlements" VALUES(46,'2025-12',8,'monthly',1007700,60000,60.0,664620,3.3,21932,642688,'paid','2026-01-10');
INSERT INTO "settlements" VALUES(47,'2025-12',22,'monthly',200000,10000,60.0,130000,3.3,4290,125710,'paid','2026-01-10');
INSERT INTO "settlements" VALUES(48,'2025-11',3,'monthly',3476600,0,80.0,2781280,3.3,91782,2689498,'paid','2025-12-10');
INSERT INTO "settlements" VALUES(49,'2025-11',4,'monthly',1584000,40000,65.0,1069600,3.3,35296,1034304,'paid','2025-12-10');
INSERT INTO "settlements" VALUES(50,'2025-11',5,'monthly',765500,20000,60.0,479300,3.3,15816,463484,'paid','2025-12-10');
INSERT INTO "settlements" VALUES(51,'2025-11',6,'monthly',550000,0,60.0,330000,3.3,10890,319110,'paid','2025-12-10');
INSERT INTO "settlements" VALUES(52,'2025-11',23,'monthly',960000,10000,60.0,586000,3.3,19338,566662,'paid','2025-12-10');
INSERT INTO "settlements" VALUES(53,'2025-11',24,'monthly',300000,10000,60.0,190000,3.3,6270,183730,'paid','2025-12-10');
INSERT INTO "settlements" VALUES(54,'2025-11',7,'monthly',496000,10000,60.0,307600,3.3,10150,297450,'paid','2025-12-10');
INSERT INTO "settlements" VALUES(55,'2025-11',8,'monthly',1339400,20000,60.0,823640,3.3,27180,796460,'paid','2025-12-10');
INSERT INTO "settlements" VALUES(56,'2025-10',3,'monthly',3860000,0,80.0,3088000,3.3,101904,2986096,'paid','2025-11-10');
INSERT INTO "settlements" VALUES(57,'2025-10',4,'monthly',1279900,10000,60.0,777940,3.3,25672,752268,'paid','2025-11-10');
INSERT INTO "settlements" VALUES(58,'2025-10',5,'monthly',660000,10000,60.0,406000,3.3,13398,392602,'paid','2025-11-10');
INSERT INTO "settlements" VALUES(59,'2025-10',6,'monthly',950000,0,60.0,570000,3.3,18810,551190,'paid','2025-11-10');
INSERT INTO "settlements" VALUES(60,'2025-10',23,'monthly',711100,0,60.0,426660,3.3,14079,412581,'paid','2025-11-10');
INSERT INTO "settlements" VALUES(61,'2025-10',24,'monthly',400000,20000,60.0,260000,3.3,8580,251420,'paid','2025-11-10');
INSERT INTO "settlements" VALUES(62,'2025-10',8,'monthly',577700,80000,60.0,426620,3.3,14078,412542,'paid','2025-11-10');
INSERT INTO "settlements" VALUES(63,'2025-09',3,'monthly',3805000,0,80.0,3044000,3.3,100452,2943548,'paid','2025-10-10');
INSERT INTO "settlements" VALUES(64,'2025-09',4,'monthly',1240000,0,60.0,744000,3.3,24552,719448,'paid','2025-10-10');
INSERT INTO "settlements" VALUES(65,'2025-09',5,'monthly',483700,10000,60.0,300220,3.3,9907,290313,'paid','2025-10-10');
INSERT INTO "settlements" VALUES(66,'2025-09',6,'monthly',902900,0,60.0,541740,3.3,17877,523863,'paid','2025-10-10');
INSERT INTO "settlements" VALUES(67,'2025-09',23,'monthly',568800,30000,60.0,371280,3.3,12252,359028,'paid','2025-10-10');
INSERT INTO "settlements" VALUES(68,'2025-09',24,'monthly',200000,10000,60.0,130000,3.3,4290,125710,'paid','2025-10-10');
INSERT INTO "settlements" VALUES(69,'2025-09',8,'monthly',160000,20000,60.0,116000,3.3,3828,112172,'paid','2025-10-10');
INSERT INTO "settlements" VALUES(70,'2025-08',3,'monthly',4016600,0,80.0,3213280,3.3,106038,3107242,'paid','2025-09-10');
INSERT INTO "settlements" VALUES(71,'2025-08',4,'monthly',1200000,30000,60.0,750000,3.3,24750,725250,'paid','2025-09-10');
INSERT INTO "settlements" VALUES(72,'2025-08',5,'monthly',47500,50000,60.0,78500,3.3,2590,75910,'paid','2025-09-10');
INSERT INTO "settlements" VALUES(73,'2025-08',6,'monthly',417700,10000,60.0,260620,3.3,8600,252020,'paid','2025-09-10');
INSERT INTO "settlements" VALUES(74,'2025-07',3,'monthly',3379400,10000,80.0,2713520,3.3,89546,2623974,'paid','2025-08-10');
INSERT INTO "settlements" VALUES(75,'2025-07',4,'monthly',1004400,50000,60.0,652640,3.3,21537,631103,'paid','2025-08-10');
INSERT INTO "settlements" VALUES(76,'2025-07',5,'monthly',128000,40000,60.0,116800,3.3,3854,112946,'paid','2025-08-10');
INSERT INTO "settlements" VALUES(77,'2025-07',6,'monthly',142200,20000,60.0,105320,3.3,3475,101845,'paid','2025-08-10');
INSERT INTO "settlements" VALUES(78,'2025-06',3,'monthly',1840000,10000,80.0,1482000,3.3,48906,1433094,'paid','2025-07-10');
INSERT INTO "settlements" VALUES(79,'2025-06',25,'monthly',200000,10000,60.0,130000,3.3,4290,125710,'paid','2025-07-10');
INSERT INTO "settlements" VALUES(80,'2025-06',4,'monthly',407800,50000,60.0,294680,3.3,9724,284956,'paid','2025-07-10');
INSERT INTO "settlements" VALUES(81,'2025-06',5,'monthly',222200,20000,60.0,153320,3.3,5059,148261,'paid','2025-07-10');
INSERT INTO "settlements" VALUES(82,'2025-05',3,'monthly',1005400,0,80.0,804320,3.3,26542,777778,'paid','2025-06-10');
INSERT INTO "settlements" VALUES(83,'2025-04',3,'monthly',575500,0,80.0,460400,3.3,15193,445207,'paid','2025-05-10');
CREATE TABLE student_profiles (
  id           INTEGER PRIMARY KEY AUTOINCREMENT,
  user_id      INTEGER UNIQUE NOT NULL,
  phone        TEXT,
  region       TEXT,
  grade_level  TEXT,
  parent_name  TEXT,
  parent_phone TEXT,
  created_at   TEXT DEFAULT CURRENT_TIMESTAMP,
  FOREIGN KEY (user_id) REFERENCES users(id)
);
INSERT INTO "student_profiles" VALUES(1,28,NULL,NULL,'high',NULL,'010-5765-3601','2026-05-27 05:51:15');
INSERT INTO "student_profiles" VALUES(2,29,'010-5268-0201',NULL,'middle',NULL,'010-4011-0201','2026-05-27 05:51:15');
INSERT INTO "student_profiles" VALUES(3,30,NULL,NULL,'middle',NULL,'010-6230-8783','2026-05-27 05:51:15');
INSERT INTO "student_profiles" VALUES(4,31,'010-4666-2024',NULL,'middle',NULL,'010-4666-2024','2026-05-27 05:51:15');
INSERT INTO "student_profiles" VALUES(5,32,'010-2905-2734',NULL,'high','김해원','010-9407-2734','2026-05-27 05:51:15');
INSERT INTO "student_profiles" VALUES(6,33,'010-3664-3696',NULL,'high','고유미','010-8805-2262','2026-05-27 05:51:15');
INSERT INTO "student_profiles" VALUES(7,34,'010-5627-0757',NULL,'high','김하얀','010-3828-0757','2026-05-27 05:51:15');
INSERT INTO "student_profiles" VALUES(8,35,'010-7545-4081',NULL,'middle','최영호','010-4065-8108','2026-05-27 05:51:15');
INSERT INTO "student_profiles" VALUES(9,36,'010-2810-5905',NULL,'high','김소현','010-5590-3333','2026-05-27 05:51:15');
INSERT INTO "student_profiles" VALUES(10,37,'010-8696-7257',NULL,'high','윤진하','010-2007-9831','2026-05-27 05:51:15');
INSERT INTO "student_profiles" VALUES(11,38,'010-6624-8115',NULL,'middle',NULL,'010-2755-8115','2026-05-27 05:51:15');
INSERT INTO "student_profiles" VALUES(12,39,NULL,NULL,'high',NULL,'010-8979-3872','2026-05-27 05:51:15');
INSERT INTO "student_profiles" VALUES(13,40,'010-7405-7382',NULL,'elementary','정현석','010-7382-7124','2026-05-27 05:51:15');
INSERT INTO "student_profiles" VALUES(14,41,'010-4470-2019',NULL,'middle','이준화','010-9974-0809','2026-05-27 05:51:15');
INSERT INTO "student_profiles" VALUES(15,42,'010-7141-1035',NULL,'high','전현숙','010-7413-1035','2026-05-27 05:51:15');
INSERT INTO "student_profiles" VALUES(16,43,NULL,NULL,'middle',NULL,NULL,'2026-05-27 05:51:15');
INSERT INTO "student_profiles" VALUES(17,44,NULL,NULL,'high',NULL,NULL,'2026-05-27 05:51:15');
INSERT INTO "student_profiles" VALUES(18,45,NULL,NULL,'high',NULL,NULL,'2026-05-27 05:51:15');
INSERT INTO "student_profiles" VALUES(19,46,NULL,NULL,'middle',NULL,NULL,'2026-05-27 05:51:15');
INSERT INTO "student_profiles" VALUES(20,47,NULL,NULL,'elementary',NULL,NULL,'2026-05-27 05:51:15');
INSERT INTO "student_profiles" VALUES(21,48,NULL,NULL,'middle',NULL,NULL,'2026-05-27 05:51:15');
INSERT INTO "student_profiles" VALUES(22,49,'010-3768-1642',NULL,'high','김화숙','010-3708-1642','2026-05-27 05:51:15');
INSERT INTO "student_profiles" VALUES(23,50,'010-9750-0699',NULL,'middle','조재훈','010-4115-2450','2026-05-27 05:51:15');
INSERT INTO "student_profiles" VALUES(24,51,'010-2763-5279',NULL,'high','주정복','010-2872-5279','2026-05-27 05:51:15');
INSERT INTO "student_profiles" VALUES(25,52,NULL,NULL,'high',NULL,NULL,'2026-05-27 05:51:15');
INSERT INTO "student_profiles" VALUES(26,53,'010-5362-7316',NULL,'high','이세정','010-9962-7316','2026-05-27 05:51:15');
INSERT INTO "student_profiles" VALUES(27,54,'010-6576-2734',NULL,'high','김해원','010-9407-2734','2026-05-27 05:51:15');
INSERT INTO "student_profiles" VALUES(28,55,NULL,NULL,'elementary',NULL,NULL,'2026-05-27 05:51:15');
INSERT INTO "student_profiles" VALUES(29,56,NULL,NULL,'middle',NULL,NULL,'2026-05-27 05:51:15');
INSERT INTO "student_profiles" VALUES(30,57,NULL,NULL,'high',NULL,NULL,'2026-05-27 05:51:15');
INSERT INTO "student_profiles" VALUES(31,58,NULL,NULL,'high',NULL,NULL,'2026-05-27 05:51:15');
INSERT INTO "student_profiles" VALUES(32,59,NULL,NULL,'high',NULL,NULL,'2026-05-27 05:51:15');
INSERT INTO "student_profiles" VALUES(33,60,NULL,NULL,'high',NULL,NULL,'2026-05-27 05:51:15');
INSERT INTO "student_profiles" VALUES(34,61,NULL,NULL,'high',NULL,NULL,'2026-05-27 05:51:15');
INSERT INTO "student_profiles" VALUES(35,62,NULL,NULL,'middle',NULL,NULL,'2026-05-27 05:51:15');
INSERT INTO "student_profiles" VALUES(36,63,NULL,NULL,'middle',NULL,NULL,'2026-05-27 05:51:15');
INSERT INTO "student_profiles" VALUES(37,64,NULL,NULL,'middle',NULL,NULL,'2026-05-27 05:51:15');
INSERT INTO "student_profiles" VALUES(38,65,NULL,NULL,'high',NULL,NULL,'2026-05-27 05:51:15');
INSERT INTO "student_profiles" VALUES(39,66,NULL,NULL,'middle',NULL,NULL,'2026-05-27 05:51:15');
INSERT INTO "student_profiles" VALUES(40,67,NULL,NULL,'middle',NULL,NULL,'2026-05-27 05:51:15');
INSERT INTO "student_profiles" VALUES(41,68,NULL,NULL,'elementary',NULL,NULL,'2026-05-27 05:51:15');
INSERT INTO "student_profiles" VALUES(42,69,NULL,NULL,'middle',NULL,NULL,'2026-05-27 05:51:15');
INSERT INTO "student_profiles" VALUES(43,70,NULL,NULL,'high',NULL,NULL,'2026-05-27 05:51:15');
INSERT INTO "student_profiles" VALUES(44,71,NULL,NULL,'high',NULL,NULL,'2026-05-27 05:51:15');
INSERT INTO "student_profiles" VALUES(45,72,NULL,NULL,'middle',NULL,NULL,'2026-05-27 05:51:15');
INSERT INTO "student_profiles" VALUES(46,73,NULL,NULL,'middle',NULL,NULL,'2026-05-27 05:51:15');
INSERT INTO "student_profiles" VALUES(47,74,NULL,NULL,'middle',NULL,NULL,'2026-05-27 05:51:15');
INSERT INTO "student_profiles" VALUES(48,75,NULL,NULL,'middle',NULL,NULL,'2026-05-27 05:51:15');
INSERT INTO "student_profiles" VALUES(49,76,NULL,NULL,'middle',NULL,NULL,'2026-05-27 05:51:15');
INSERT INTO "student_profiles" VALUES(50,77,NULL,NULL,'middle',NULL,NULL,'2026-05-27 05:51:15');
INSERT INTO "student_profiles" VALUES(51,78,NULL,NULL,'middle',NULL,NULL,'2026-05-27 05:51:15');
INSERT INTO "student_profiles" VALUES(52,79,NULL,NULL,'high',NULL,NULL,'2026-05-27 05:51:15');
INSERT INTO "student_profiles" VALUES(53,80,NULL,NULL,'high','고윤희','010-2001-1040','2026-05-27 05:51:15');
INSERT INTO "student_profiles" VALUES(54,81,NULL,NULL,'middle','고윤희','010-2001-1040','2026-05-27 05:51:15');
INSERT INTO "student_profiles" VALUES(55,82,NULL,NULL,'elementary',NULL,NULL,'2026-05-27 05:51:15');
INSERT INTO "student_profiles" VALUES(56,83,NULL,NULL,'middle',NULL,NULL,'2026-05-27 05:51:15');
INSERT INTO "student_profiles" VALUES(57,84,NULL,NULL,'elementary',NULL,NULL,'2026-05-27 05:51:15');
INSERT INTO "student_profiles" VALUES(58,85,NULL,NULL,'middle',NULL,NULL,'2026-05-27 05:51:15');
INSERT INTO "student_profiles" VALUES(59,86,'010-3281-4891',NULL,'high','이민희','010-4015-4891','2026-05-27 05:51:15');
INSERT INTO "student_profiles" VALUES(60,87,NULL,NULL,'middle',NULL,NULL,'2026-05-27 05:51:15');
INSERT INTO "student_profiles" VALUES(61,88,NULL,NULL,'high',NULL,NULL,'2026-05-27 05:51:15');
INSERT INTO "student_profiles" VALUES(62,89,NULL,NULL,'high',NULL,NULL,'2026-05-27 05:51:15');
INSERT INTO "student_profiles" VALUES(63,90,NULL,NULL,'middle',NULL,NULL,'2026-05-27 05:51:15');
INSERT INTO "student_profiles" VALUES(64,91,NULL,NULL,NULL,NULL,NULL,'2026-05-27 05:51:15');
INSERT INTO "student_profiles" VALUES(65,92,NULL,NULL,'high',NULL,NULL,'2026-05-27 05:51:15');
INSERT INTO "student_profiles" VALUES(66,93,NULL,NULL,NULL,NULL,NULL,'2026-05-27 05:51:15');
INSERT INTO "student_profiles" VALUES(67,94,NULL,NULL,'middle',NULL,NULL,'2026-05-27 05:51:15');
CREATE TABLE subscriptions (
  id                         INTEGER PRIMARY KEY AUTOINCREMENT,
  student_id                 INTEGER NOT NULL,
  teacher_id                 INTEGER NOT NULL,
  product_id                 INTEGER,
  price_type                 TEXT,
  payment_method             TEXT,
  day_1                      INTEGER,
  day_2                      INTEGER,
  day_3                      INTEGER,
  base_commission_rate       REAL NOT NULL DEFAULT 60.0,
  current_commission_rate    REAL NOT NULL DEFAULT 60.0,
  trial_date                 TEXT,
  trial_month                TEXT,
  trial_fee                  INTEGER DEFAULT 0,
  start_date                 TEXT,
  end_date                   TEXT,
  next_billing               TEXT,
  first_month_sessions       INTEGER,
  first_month_ratio          REAL,
  first_month_amount         INTEGER,
  cancelled_at               TEXT,
  termination_total_sessions INTEGER,
  termination_remaining      INTEGER,
  termination_ratio          REAL,
  created_at                 TEXT DEFAULT CURRENT_TIMESTAMP,
  FOREIGN KEY (student_id)  REFERENCES student_profiles(id),
  FOREIGN KEY (teacher_id)  REFERENCES teacher_profiles(id),
  FOREIGN KEY (product_id)  REFERENCES products(id)
);
INSERT INTO "subscriptions" VALUES(1,1,2,5,NULL,'card',1,5,NULL,60.0,60.0,NULL,NULL,0,'2025-04-07','2025-05-06',NULL,7,88.0,272000,'2025-05-06 00:00:00',9,7,78.0,'2026-05-27 05:51:15');
INSERT INTO "subscriptions" VALUES(2,2,1,12,NULL,'card',1,NULL,NULL,60.0,60.0,NULL,NULL,0,'2025-04-09','2025-06-30',NULL,3,75.0,172000,'2025-06-30 00:00:00',5,1,20.0,'2026-05-27 05:51:15');
INSERT INTO "subscriptions" VALUES(3,2,1,14,NULL,'card',4,0,NULL,60.0,60.0,NULL,NULL,0,'2025-07-24','2025-07-31',NULL,3,33.0,133300,'2025-07-31 00:00:00',9,1,11.0,'2026-05-27 05:51:15');
INSERT INTO "subscriptions" VALUES(4,2,1,12,NULL,'card',1,NULL,NULL,60.0,60.0,NULL,NULL,0,'2025-08-01','2025-08-30',NULL,4,100.0,230000,'2025-08-30 00:00:00',4,0,0.0,'2026-05-27 05:51:15');
INSERT INTO "subscriptions" VALUES(5,3,1,10,NULL,'card',0,NULL,NULL,60.0,60.0,NULL,NULL,0,'2025-04-20','2025-05-31',NULL,2,50.0,70000,'2025-05-31 00:00:00',4,0,0.0,'2026-05-27 05:51:15');
INSERT INTO "subscriptions" VALUES(6,3,1,13,NULL,'card',2,4,NULL,60.0,60.0,NULL,NULL,0,'2025-07-22','2025-07-23',NULL,4,40.0,128000,'2025-07-23 00:00:00',10,3,30.0,'2026-05-27 05:51:15');
INSERT INTO "subscriptions" VALUES(7,4,1,10,NULL,'card',1,NULL,NULL,60.0,60.0,'2025-06-02',NULL,0,'2025-04-28','2025-08-17',NULL,1,25.0,0,'2025-08-17 00:00:00',4,2,50.0,'2026-05-27 05:51:15');
INSERT INTO "subscriptions" VALUES(8,5,3,4,NULL,'card',3,6,NULL,60.0,60.0,NULL,NULL,0,'2025-04-16','2025-11-12',NULL,5,56.0,194000,'2025-11-12 00:00:00',9,6,67.0,'2026-05-27 05:51:15');
INSERT INTO "subscriptions" VALUES(9,5,3,4,NULL,'card',1,4,NULL,60.0,60.0,NULL,NULL,0,'2026-02-23',NULL,NULL,2,25.0,62500,NULL,NULL,NULL,NULL,'2026-05-27 05:51:15');
INSERT INTO "subscriptions" VALUES(10,6,3,4,NULL,'card',1,5,NULL,60.0,60.0,NULL,NULL,0,'2025-05-02','2025-09-01',NULL,9,100.0,250000,'2025-09-01 00:00:00',9,9,100.0,'2026-05-27 05:51:15');
INSERT INTO "subscriptions" VALUES(11,7,2,5,NULL,'card',1,3,NULL,60.0,60.0,NULL,NULL,0,'2025-05-19','2025-07-06',NULL,4,50.0,175000,'2025-07-06 00:00:00',9,8,89.0,'2026-05-27 05:51:15');
INSERT INTO "subscriptions" VALUES(12,8,4,16,NULL,'card',1,3,5,60.0,60.0,'2025-06-02','2025-06',0,'2025-06-06','2025-10-31',NULL,11,85.0,372300,'2025-10-31 00:00:00',14,1,7.0,'2026-05-27 05:51:15');
INSERT INTO "subscriptions" VALUES(13,8,4,16,NULL,'card',1,3,5,65.0,65.0,NULL,NULL,0,'2025-11-01','2025-12-02',NULL,12,100.0,440000,'2025-12-02 00:00:00',14,13,93.0,'2026-05-27 05:51:15');
INSERT INTO "subscriptions" VALUES(14,9,25,2,NULL,'card',0,NULL,NULL,60.0,60.0,'2025-06-01','2025-06',0,'2025-06-08','2025-07-01',NULL,4,80.0,200000,'2025-07-01 00:00:00',4,4,100.0,'2026-05-27 05:51:15');
INSERT INTO "subscriptions" VALUES(15,10,3,2,NULL,'card',5,NULL,NULL,60.0,60.0,'2025-05-30','2025-05',0,'2025-06-06','2025-08-31',NULL,4,100.0,250000,'2025-08-31 00:00:00',5,0,0.0,'2026-05-27 05:51:15');
INSERT INTO "subscriptions" VALUES(16,11,4,13,NULL,'card',1,5,NULL,60.0,60.0,'2025-06-22','2025-06',0,'2025-06-30','2025-10-10',NULL,1,11.0,35500,'2025-10-10 00:00:00',9,7,78.0,'2026-05-27 05:51:15');
INSERT INTO "subscriptions" VALUES(17,12,4,5,NULL,'card',3,0,NULL,60.0,60.0,'2025-07-06','2025-07',0,'2025-07-16','2025-10-31',NULL,5,56.0,244400,'2025-10-31 00:00:00',9,0,0.0,'2026-05-27 05:51:15');
INSERT INTO "subscriptions" VALUES(18,12,4,5,NULL,'card',3,0,NULL,60.0,60.0,'2025-07-06','2025-07',0,'2025-09-28','2025-09-29',NULL,1,13.0,40000,'2025-09-29 00:00:00',8,0,0.0,'2026-05-27 05:51:15');
INSERT INTO "subscriptions" VALUES(19,9,3,2,NULL,'card',0,NULL,NULL,60.0,60.0,NULL,NULL,0,'2025-07-01','2025-11-11',NULL,4,100.0,250000,'2025-11-11 00:00:00',5,3,60.0,'2026-05-27 05:51:15');
INSERT INTO "subscriptions" VALUES(20,9,3,5,NULL,'card',0,3,NULL,60.0,60.0,NULL,NULL,0,'2025-11-12','2025-12-14',NULL,6,67.0,293300,'2025-12-14 00:00:00',9,6,67.0,'2026-05-27 05:51:15');
INSERT INTO "subscriptions" VALUES(21,9,3,8,NULL,'card',0,3,1,60.0,60.0,NULL,NULL,0,'2025-12-15',NULL,NULL,8,57.0,360000,NULL,NULL,NULL,NULL,'2026-05-27 05:51:15');
INSERT INTO "subscriptions" VALUES(22,28,1,20,NULL,'card',2,4,NULL,60.0,60.0,NULL,NULL,0,'2025-07-16',NULL,NULL,5,50.0,140000,NULL,NULL,NULL,NULL,'2026-05-27 05:51:15');
INSERT INTO "subscriptions" VALUES(23,15,3,6,NULL,'card',2,6,NULL,60.0,60.0,NULL,NULL,0,'2025-07-12','2025-11-10',NULL,6,67.0,360000,'2025-11-10 00:00:00',9,6,67.0,'2026-05-27 05:51:15');
INSERT INTO "subscriptions" VALUES(24,16,6,13,NULL,'payer',NULL,NULL,NULL,60.0,60.0,'2025-07-07','2025-07',0,'2025-07-21','2025-09-04',NULL,4,44.0,142200,'2025-09-04 00:00:00',9,7,78.0,'2026-05-27 05:51:15');
INSERT INTO "subscriptions" VALUES(25,16,6,14,NULL,'card',1,3,NULL,65.0,65.0,NULL,NULL,0,'2025-09-05','2026-03-31',NULL,7,78.0,311100,'2026-03-31 00:00:00',9,0,0.0,'2026-05-27 05:51:15');
INSERT INTO "subscriptions" VALUES(26,16,21,14,NULL,'card',3,5,NULL,60.0,60.0,'2026-03-27','2026-03',0,'2026-04-01',NULL,NULL,9,100.0,400000,NULL,NULL,NULL,NULL,'2026-05-27 05:51:15');
INSERT INTO "subscriptions" VALUES(27,29,1,13,NULL,'card',1,4,NULL,60.0,60.0,'2025-08-31','2025-08',0,'2025-09-01',NULL,NULL,9,100.0,320000,NULL,NULL,NULL,NULL,'2026-05-27 05:51:15');
INSERT INTO "subscriptions" VALUES(28,26,3,5,NULL,'card',4,6,NULL,60.0,60.0,'2025-07-31','2025-07',0,'2025-07-19','2025-08-08',NULL,4,44.0,195500,'2025-08-08 00:00:00',9,7,78.0,'2026-05-27 05:51:15');
INSERT INTO "subscriptions" VALUES(29,26,3,2,NULL,'card',6,NULL,NULL,60.0,60.0,NULL,NULL,0,'2025-08-09','2025-12-31',NULL,4,80.0,200000,'2025-12-31 00:00:00',4,0,0.0,'2026-05-27 05:51:15');
INSERT INTO "subscriptions" VALUES(30,7,3,5,NULL,'card',1,6,NULL,60.0,60.0,NULL,NULL,0,'2025-07-07','2025-11-30',NULL,7,88.0,306200,'2025-11-30 00:00:00',9,0,0.0,'2026-05-27 05:51:15');
INSERT INTO "subscriptions" VALUES(31,14,5,14,NULL,'card',0,6,NULL,60.0,60.0,'2025-06-14','2025-06',0,'2025-06-15','2025-07-08',NULL,5,56.0,222200,'2025-07-08 00:00:00',8,6,75.0,'2026-05-27 05:51:15');
INSERT INTO "subscriptions" VALUES(32,20,5,19,NULL,'card',1,NULL,NULL,60.0,60.0,'2025-09-01','2025-09',0,'2025-09-08','2026-01-31',NULL,4,80.0,136000,'2026-01-31 00:00:00',4,0,0.0,'2026-05-27 05:51:15');
INSERT INTO "subscriptions" VALUES(33,21,5,13,NULL,'card',1,5,NULL,60.0,60.0,'2025-08-31','2025-08',0,'2025-09-15','2025-10-31',NULL,5,56.0,177700,'2025-10-31 00:00:00',9,1,11.0,'2026-05-27 05:51:15');
INSERT INTO "subscriptions" VALUES(34,22,3,4,NULL,'card',3,5,NULL,60.0,60.0,NULL,NULL,0,'2025-05-14',NULL,NULL,6,67.0,166600,NULL,NULL,NULL,NULL,'2026-05-27 05:51:15');
INSERT INTO "subscriptions" VALUES(35,23,3,14,NULL,'card',1,5,NULL,60.0,60.0,NULL,NULL,0,'2025-05-26',NULL,NULL,2,22.0,88800,NULL,NULL,NULL,NULL,'2026-05-27 05:51:15');
INSERT INTO "subscriptions" VALUES(36,24,3,5,NULL,'transfer',3,0,NULL,60.0,60.0,'2025-05-28','2025-05',0,'2025-06-01',NULL,NULL,9,100.0,440000,NULL,NULL,NULL,NULL,'2026-05-27 05:51:15');
INSERT INTO "subscriptions" VALUES(37,19,23,13,NULL,'card',1,3,NULL,60.0,60.0,'2025-08-31','2025-08',0,'2025-09-01','2025-09-30',NULL,9,100.0,320000,'2025-09-30 00:00:00',9,0,0.0,'2026-05-27 05:51:15');
INSERT INTO "subscriptions" VALUES(38,19,23,13,NULL,'card',1,3,NULL,60.0,60.0,NULL,NULL,0,'2025-10-02','2025-12-31',NULL,8,89.0,284500,'2025-12-31 00:00:00',10,1,10.0,'2026-05-27 05:51:15');
INSERT INTO "subscriptions" VALUES(39,13,1,19,NULL,'card',1,NULL,NULL,60.0,60.0,NULL,NULL,0,'2025-06-02','2025-07-31',NULL,5,100.0,170000,'2025-07-31 00:00:00',4,0,0.0,'2026-05-27 05:51:15');
INSERT INTO "subscriptions" VALUES(40,13,1,10,NULL,'card',1,NULL,NULL,60.0,60.0,NULL,NULL,0,'2025-08-01',NULL,NULL,4,100.0,190000,NULL,NULL,NULL,NULL,'2026-05-27 05:51:15');
INSERT INTO "subscriptions" VALUES(41,17,6,5,NULL,'card',1,6,NULL,60.0,60.0,'2025-08-20','2025-08',0,'2025-08-25','2025-09-07',NULL,2,22.0,97700,'2025-09-07 00:00:00',9,7,78.0,'2026-05-27 05:51:15');
INSERT INTO "subscriptions" VALUES(42,17,6,7,NULL,'card',1,3,6,60.0,60.0,NULL,NULL,0,'2025-09-08','2026-01-18',NULL,10,77.0,423000,'2026-01-18 00:00:00',13,6,46.0,'2026-05-27 05:51:15');
INSERT INTO "subscriptions" VALUES(43,17,6,5,NULL,'card',0,2,NULL,60.0,60.0,NULL,NULL,0,'2026-01-19','2026-03-31',NULL,3,38.0,165000,'2026-03-31 00:00:00',10,1,10.0,'2026-05-27 05:51:15');
INSERT INTO "subscriptions" VALUES(44,17,10,5,NULL,'card',5,3,NULL,60.0,60.0,'2026-03-25','2026-03',0,'2026-04-01','2026-04-01',NULL,9,100.0,440000,'2026-04-01 00:00:00',9,9,100.0,'2026-05-27 05:51:15');
INSERT INTO "subscriptions" VALUES(45,17,21,5,NULL,'card',0,2,NULL,60.0,60.0,'2026-04-05','2026-04',0,'2026-04-05',NULL,NULL,8,100.0,440000,NULL,NULL,NULL,NULL,'2026-05-27 05:51:15');
INSERT INTO "subscriptions" VALUES(46,30,1,5,NULL,'transfer',1,3,NULL,60.0,60.0,NULL,NULL,0,'2025-07-23','2025-09-30',NULL,3,33.0,146600,'2025-09-30 00:00:00',9,0,0.0,'2026-05-27 05:51:15');
INSERT INTO "subscriptions" VALUES(47,30,1,5,NULL,'transfer',1,3,NULL,60.0,60.0,NULL,NULL,0,'2025-10-01','2026-01-31',NULL,9,100.0,400000,'2026-01-31 00:00:00',8,0,0.0,'2026-05-27 05:51:15');
INSERT INTO "subscriptions" VALUES(48,18,3,5,NULL,'card',4,0,NULL,60.0,60.0,NULL,NULL,0,'2025-08-01',NULL,NULL,9,100.0,440000,NULL,NULL,NULL,NULL,'2026-05-27 05:51:15');
INSERT INTO "subscriptions" VALUES(49,43,3,5,NULL,'card',6,2,NULL,60.0,60.0,NULL,NULL,0,'2025-12-02','2026-04-14',NULL,9,100.0,440000,'2026-04-14 00:00:00',8,5,63.0,'2026-05-27 05:51:15');
INSERT INTO "subscriptions" VALUES(50,48,3,14,NULL,'card',6,1,NULL,60.0,60.0,'2026-01-15','2026-01',0,'2026-01-19',NULL,NULL,4,44.0,177700,NULL,NULL,NULL,NULL,'2026-05-27 05:51:15');
INSERT INTO "subscriptions" VALUES(51,55,5,19,NULL,'transfer',6,NULL,NULL,60.0,60.0,'2025-08-30','2025-08',0,'2025-09-06','2026-03-31',NULL,4,100.0,170000,'2026-03-31 00:00:00',4,0,0.0,'2026-05-27 05:51:15');
INSERT INTO "subscriptions" VALUES(52,55,5,19,NULL,'transfer',6,NULL,NULL,65.0,65.0,NULL,NULL,0,'2026-04-01',NULL,NULL,4,100.0,170000,NULL,NULL,NULL,NULL,'2026-05-27 05:51:15');
INSERT INTO "subscriptions" VALUES(53,56,5,14,NULL,'transfer',4,0,NULL,60.0,60.0,'2025-10-23','2025-10',0,'2025-11-03','2026-04-30',NULL,8,89.0,355500,'2026-04-30 00:00:00',9,1,11.0,'2026-05-27 05:51:15');
INSERT INTO "subscriptions" VALUES(54,57,5,NULL,NULL,'transfer',1,NULL,NULL,60.0,60.0,NULL,NULL,0,'2026-01-05','2026-04-30',NULL,4,100.0,210000,'2026-04-30 00:00:00',4,0,0.0,'2026-05-27 05:51:15');
INSERT INTO "subscriptions" VALUES(55,49,22,14,NULL,'card',6,0,NULL,60.0,60.0,'2025-12-20','2025-12',0,'2025-12-20',NULL,NULL,4,50.0,200000,NULL,NULL,NULL,NULL,'2026-05-27 05:51:15');
INSERT INTO "subscriptions" VALUES(56,50,22,14,NULL,'transfer',3,0,NULL,60.0,60.0,'2026-03-02','2026-03',0,'2026-03-08',NULL,NULL,7,78.0,311100,NULL,NULL,NULL,NULL,'2026-05-27 05:51:15');
INSERT INTO "subscriptions" VALUES(57,51,2,11,NULL,'payer',5,NULL,NULL,60.0,60.0,NULL,NULL,0,'2026-03-06','2026-05-31',NULL,4,100.0,230000,'2026-05-31 00:00:00',5,0,0.0,'2026-05-27 05:51:15');
INSERT INTO "subscriptions" VALUES(58,52,2,4,NULL,'card',1,4,NULL,60.0,60.0,'2026-03-16','2026-03',0,'2026-03-09','2026-04-12',NULL,7,78.0,311100,'2026-04-12 00:00:00',9,6,67.0,'2026-05-27 05:51:15');
INSERT INTO "subscriptions" VALUES(59,52,2,3,NULL,'card',4,NULL,NULL,60.0,60.0,NULL,NULL,0,'2026-04-13','2026-04-30',NULL,3,60.0,180000,'2026-04-30 00:00:00',5,1,20.0,'2026-05-27 05:51:15');
INSERT INTO "subscriptions" VALUES(60,58,22,14,NULL,'card',2,0,NULL,60.0,60.0,NULL,NULL,0,'2026-03-10',NULL,NULL,7,70.0,280000,NULL,NULL,NULL,NULL,'2026-05-27 05:51:15');
INSERT INTO "subscriptions" VALUES(61,53,9,3,NULL,'payer',0,NULL,NULL,60.0,60.0,'2026-03-15','2026-03',0,'2026-03-22','2026-03-26',NULL,2,40.0,60000,'2026-03-26 00:00:00',5,1,20.0,'2026-05-27 05:51:15');
INSERT INTO "subscriptions" VALUES(62,54,2,14,NULL,'card',2,4,NULL,60.0,60.0,NULL,NULL,0,'2025-05-01',NULL,NULL,9,100.0,320000,NULL,NULL,NULL,NULL,'2026-05-27 05:51:15');
INSERT INTO "subscriptions" VALUES(63,45,8,13,NULL,'card',1,3,NULL,60.0,60.0,'2025-12-08','2025-12',0,'2025-12-17','2026-02-28',NULL,5,50.0,160000,'2026-02-28 00:00:00',8,0,0.0,'2026-05-27 05:51:15');
INSERT INTO "subscriptions" VALUES(64,45,8,12,NULL,'card',2,NULL,NULL,60.0,60.0,NULL,NULL,0,'2026-03-01','2026-04-30',NULL,5,100.0,290000,'2026-04-30 00:00:00',4,0,0.0,'2026-05-27 05:51:15');
INSERT INTO "subscriptions" VALUES(65,46,8,11,NULL,'transfer',1,NULL,NULL,60.0,60.0,'2025-12-21','2025-12',0,'2026-01-05','2026-03-31',NULL,4,100.0,230000,'2026-03-31 00:00:00',5,0,0.0,'2026-05-27 05:51:15');
INSERT INTO "subscriptions" VALUES(66,65,4,5,NULL,'card',5,1,NULL,65.0,65.0,'2025-10-09','2025-10',0,'2025-10-12',NULL,NULL,6,67.0,293300,NULL,NULL,NULL,NULL,'2026-05-27 05:51:15');
INSERT INTO "subscriptions" VALUES(67,37,4,13,NULL,'card',3,2,NULL,60.0,60.0,NULL,NULL,0,'2025-10-28','2025-12-14',NULL,2,22.0,71100,'2025-12-14 00:00:00',10,6,60.0,'2026-05-27 05:51:15');
INSERT INTO "subscriptions" VALUES(68,41,7,20,NULL,'card',1,3,NULL,60.0,60.0,'2025-10-25','2025-10',0,'2025-11-03','2025-12-31',NULL,8,100.0,280000,'2025-12-31 00:00:00',10,1,10.0,'2026-05-27 05:51:15');
INSERT INTO "subscriptions" VALUES(69,42,8,11,NULL,'card',6,NULL,NULL,60.0,60.0,'2025-10-25','2025-10',0,'2025-11-01','2026-01-04',NULL,5,100.0,230000,'2026-01-04 00:00:00',5,4,80.0,'2026-05-27 05:51:15');
INSERT INTO "subscriptions" VALUES(70,44,1,3,NULL,'transfer',1,NULL,NULL,60.0,60.0,NULL,NULL,0,'2026-01-05',NULL,NULL,4,100.0,300000,NULL,NULL,NULL,NULL,'2026-05-27 05:51:15');
INSERT INTO "subscriptions" VALUES(71,25,1,6,NULL,'transfer',2,4,NULL,60.0,60.0,'2025-08-07','2025-08',0,'2025-08-07','2025-11-12',NULL,7,88.0,472500,'2025-11-12 00:00:00',8,5,63.0,'2026-05-27 05:51:15');
INSERT INTO "subscriptions" VALUES(72,25,2,5,NULL,'transfer',2,5,NULL,80.0,80.0,NULL,NULL,0,'2026-04-07',NULL,NULL,7,88.0,385000,NULL,NULL,NULL,NULL,'2026-05-27 05:51:15');
INSERT INTO "subscriptions" VALUES(73,39,1,14,NULL,'card',1,3,NULL,60.0,60.0,'2025-10-09','2025-10',0,'2025-10-13','2026-03-31',NULL,6,67.0,266600,'2026-03-31 00:00:00',9,0,0.0,'2026-05-27 05:51:15');
INSERT INTO "subscriptions" VALUES(74,40,1,14,NULL,'card',2,4,NULL,60.0,60.0,NULL,NULL,0,'2025-10-28','2025-12-31',NULL,2,22.0,100000,'2025-12-31 00:00:00',9,0,0.0,'2026-05-27 05:51:15');
INSERT INTO "subscriptions" VALUES(75,38,3,5,NULL,'card',4,0,NULL,60.0,60.0,NULL,NULL,0,'2025-09-07',NULL,NULL,7,88.0,385000,NULL,NULL,NULL,NULL,'2026-05-27 05:51:15');
INSERT INTO "subscriptions" VALUES(76,35,8,13,NULL,'card',4,0,NULL,60.0,60.0,'2025-10-31','2025-10',0,'2025-09-18','2025-10-31',NULL,4,50.0,160000,'2025-10-31 00:00:00',9,0,0.0,'2026-05-27 05:51:15');
INSERT INTO "subscriptions" VALUES(77,35,8,16,NULL,'card',1,4,0,60.0,60.0,'2025-12-31','2025-12',0,'2025-11-01','2025-12-31',NULL,13,100.0,440000,'2025-12-31 00:00:00',13,0,0.0,'2026-05-27 05:51:15');
INSERT INTO "subscriptions" VALUES(78,36,8,14,NULL,'card',2,4,NULL,60.0,60.0,'2025-10-14','2025-10',0,'2025-10-21','2025-11-11',NULL,4,44.0,177700,'2025-11-11 00:00:00',8,6,75.0,'2026-05-27 05:51:15');
INSERT INTO "subscriptions" VALUES(79,36,8,5,NULL,'card',2,4,NULL,60.0,60.0,'2025-10-14','2025-10',0,'2025-11-12','2025-11-30',NULL,5,63.0,275000,'2025-11-30 00:00:00',8,0,0.0,'2026-05-27 05:51:15');
INSERT INTO "subscriptions" VALUES(80,34,24,4,NULL,'card',0,NULL,NULL,60.0,60.0,'2025-09-14','2025-09',0,'2025-09-21','2025-10-31',NULL,2,50.0,200000,'2025-10-31 00:00:00',4,0,0.0,'2026-05-27 05:51:15');
INSERT INTO "subscriptions" VALUES(81,60,11,11,NULL,'card',3,NULL,NULL,60.0,60.0,'2026-03-25','2026-03',0,'2026-03-25','2026-03-31',NULL,1,25.0,58000,'2026-03-31 00:00:00',4,0,0.0,'2026-05-27 05:51:15');
INSERT INTO "subscriptions" VALUES(82,61,9,8,NULL,'cms',2,5,0,60.0,60.0,'2026-03-27','2026-03',0,'2026-03-31','2026-03-31',NULL,1,14.0,55000,'2026-03-31 00:00:00',NULL,NULL,NULL,'2026-05-27 05:51:15');
INSERT INTO "subscriptions" VALUES(83,61,9,5,NULL,'cms',5,0,NULL,60.0,60.0,NULL,NULL,0,'2026-04-01',NULL,NULL,NULL,NULL,440000,NULL,NULL,NULL,NULL,'2026-05-27 05:51:15');
INSERT INTO "subscriptions" VALUES(84,49,19,12,NULL,'card',3,NULL,NULL,60.0,60.0,'2026-04-01','2026-04',0,'2026-04-08','2026-04-30',NULL,4,100.0,280000,'2026-04-30 00:00:00',NULL,NULL,NULL,'2026-05-27 05:51:15');
INSERT INTO "subscriptions" VALUES(85,63,17,11,NULL,'card',3,NULL,NULL,60.0,60.0,'2026-04-09','2026-04',0,'2026-04-13','2026-04-30',NULL,4,100.0,174000,'2026-04-30 00:00:00',NULL,NULL,NULL,'2026-05-27 05:51:15');
INSERT INTO "subscriptions" VALUES(86,62,14,5,NULL,'card',1,4,NULL,60.0,60.0,'2026-04-20','2026-04',0,'2026-04-23',NULL,NULL,3,38.0,165000,NULL,NULL,NULL,NULL,'2026-05-27 05:51:15');
INSERT INTO "subscriptions" VALUES(87,53,21,3,NULL,'payer',4,NULL,NULL,60.0,60.0,'2026-04-26','2026-04',0,'2026-04-30',NULL,NULL,1,25.0,75000,NULL,NULL,NULL,NULL,'2026-05-27 05:51:15');
INSERT INTO "subscriptions" VALUES(88,67,18,13,NULL,'card',2,4,NULL,60.0,60.0,'2026-04-30','2026-04',0,'2026-05-19',NULL,NULL,4,100.0,160000,NULL,NULL,NULL,NULL,'2026-05-27 05:51:15');
CREATE TABLE teacher_profiles (
  id          INTEGER PRIMARY KEY AUTOINCREMENT,
  user_id     INTEGER UNIQUE NOT NULL,
  phone       TEXT,
  birth_date  TEXT,
  gender      TEXT,
  education   TEXT,
  major       TEXT,
  status      TEXT DEFAULT 'active',
  created_at  TEXT DEFAULT CURRENT_TIMESTAMP,
  FOREIGN KEY (user_id) REFERENCES users(id)
);
INSERT INTO "teacher_profiles" VALUES(1,1,NULL,NULL,NULL,NULL,NULL,'active','2026-05-27 05:51:15');
INSERT INTO "teacher_profiles" VALUES(2,2,'010-2995-6680',NULL,NULL,NULL,NULL,'active','2026-05-27 05:51:15');
INSERT INTO "teacher_profiles" VALUES(3,3,NULL,NULL,NULL,NULL,NULL,'active','2026-05-27 05:51:15');
INSERT INTO "teacher_profiles" VALUES(4,4,NULL,NULL,NULL,NULL,NULL,'active','2026-05-27 05:51:15');
INSERT INTO "teacher_profiles" VALUES(5,5,NULL,NULL,NULL,NULL,NULL,'active','2026-05-27 05:51:15');
INSERT INTO "teacher_profiles" VALUES(6,6,NULL,NULL,NULL,NULL,NULL,'active','2026-05-27 05:51:15');
INSERT INTO "teacher_profiles" VALUES(7,7,NULL,NULL,NULL,NULL,NULL,'active','2026-05-27 05:51:15');
INSERT INTO "teacher_profiles" VALUES(8,8,NULL,NULL,NULL,NULL,NULL,'active','2026-05-27 05:51:15');
INSERT INTO "teacher_profiles" VALUES(9,9,NULL,NULL,NULL,NULL,NULL,'active','2026-05-27 05:51:15');
INSERT INTO "teacher_profiles" VALUES(10,10,NULL,NULL,NULL,NULL,NULL,'active','2026-05-27 05:51:15');
INSERT INTO "teacher_profiles" VALUES(11,11,NULL,NULL,NULL,NULL,NULL,'active','2026-05-27 05:51:15');
INSERT INTO "teacher_profiles" VALUES(12,12,NULL,NULL,NULL,NULL,NULL,'active','2026-05-27 05:51:15');
INSERT INTO "teacher_profiles" VALUES(13,13,NULL,NULL,NULL,NULL,NULL,'active','2026-05-27 05:51:15');
INSERT INTO "teacher_profiles" VALUES(14,14,NULL,NULL,NULL,NULL,NULL,'active','2026-05-27 05:51:15');
INSERT INTO "teacher_profiles" VALUES(15,15,NULL,NULL,NULL,NULL,NULL,'active','2026-05-27 05:51:15');
INSERT INTO "teacher_profiles" VALUES(16,16,NULL,NULL,NULL,NULL,NULL,'active','2026-05-27 05:51:15');
INSERT INTO "teacher_profiles" VALUES(17,17,NULL,NULL,NULL,NULL,NULL,'active','2026-05-27 05:51:15');
INSERT INTO "teacher_profiles" VALUES(18,18,NULL,NULL,NULL,NULL,NULL,'active','2026-05-27 05:51:15');
INSERT INTO "teacher_profiles" VALUES(19,19,NULL,NULL,NULL,NULL,NULL,'active','2026-05-27 05:51:15');
INSERT INTO "teacher_profiles" VALUES(20,20,NULL,NULL,NULL,NULL,NULL,'active','2026-05-27 05:51:15');
INSERT INTO "teacher_profiles" VALUES(21,21,NULL,NULL,NULL,NULL,NULL,'active','2026-05-27 05:51:15');
INSERT INTO "teacher_profiles" VALUES(22,22,NULL,NULL,NULL,NULL,NULL,'active','2026-05-27 05:51:15');
INSERT INTO "teacher_profiles" VALUES(23,23,NULL,NULL,NULL,NULL,NULL,'active','2026-05-27 05:51:15');
INSERT INTO "teacher_profiles" VALUES(24,24,NULL,NULL,NULL,NULL,NULL,'active','2026-05-27 05:51:15');
INSERT INTO "teacher_profiles" VALUES(25,25,NULL,NULL,NULL,NULL,NULL,'active','2026-05-27 05:51:15');
INSERT INTO "teacher_profiles" VALUES(26,26,NULL,NULL,NULL,NULL,NULL,'active','2026-05-27 05:51:15');
INSERT INTO "teacher_profiles" VALUES(27,27,NULL,NULL,NULL,NULL,NULL,'active','2026-05-27 05:51:15');
CREATE TABLE users (
  id         INTEGER PRIMARY KEY AUTOINCREMENT,
  email      TEXT UNIQUE,
  name       TEXT NOT NULL,
  role       TEXT NOT NULL,
  created_at TEXT DEFAULT CURRENT_TIMESTAMP
);
INSERT INTO "users" VALUES(1,NULL,'서재현','teacher','2026-05-27 05:51:15');
INSERT INTO "users" VALUES(2,NULL,'윤성민','teacher','2026-05-27 05:51:15');
INSERT INTO "users" VALUES(3,NULL,'신태준','teacher','2026-05-27 05:51:15');
INSERT INTO "users" VALUES(4,NULL,'강희근','teacher','2026-05-27 05:51:15');
INSERT INTO "users" VALUES(5,NULL,'정아영','teacher','2026-05-27 05:51:15');
INSERT INTO "users" VALUES(6,NULL,'오승빈','teacher','2026-05-27 05:51:15');
INSERT INTO "users" VALUES(7,NULL,'김준형','teacher','2026-05-27 05:51:15');
INSERT INTO "users" VALUES(8,NULL,'강영진','teacher','2026-05-27 05:51:15');
INSERT INTO "users" VALUES(9,NULL,'김태희','teacher','2026-05-27 05:51:15');
INSERT INTO "users" VALUES(10,NULL,'권순현','teacher','2026-05-27 05:51:15');
INSERT INTO "users" VALUES(11,NULL,'금예원','teacher','2026-05-27 05:51:15');
INSERT INTO "users" VALUES(12,NULL,'이지현','teacher','2026-05-27 05:51:15');
INSERT INTO "users" VALUES(13,NULL,'김규민Y','teacher','2026-05-27 05:51:15');
INSERT INTO "users" VALUES(14,NULL,'김규민K','teacher','2026-05-27 05:51:15');
INSERT INTO "users" VALUES(15,NULL,'김건우','teacher','2026-05-27 05:51:15');
INSERT INTO "users" VALUES(16,NULL,'이시은','teacher','2026-05-27 05:51:15');
INSERT INTO "users" VALUES(17,NULL,'이지혜','teacher','2026-05-27 05:51:15');
INSERT INTO "users" VALUES(18,NULL,'오연우','teacher','2026-05-27 05:51:15');
INSERT INTO "users" VALUES(19,NULL,'한지윤','teacher','2026-05-27 05:51:15');
INSERT INTO "users" VALUES(20,NULL,'남혜원','teacher','2026-05-27 05:51:15');
INSERT INTO "users" VALUES(21,NULL,'민은후','teacher','2026-05-27 05:51:15');
INSERT INTO "users" VALUES(22,NULL,'안소희','teacher','2026-05-27 05:51:15');
INSERT INTO "users" VALUES(23,NULL,'박재현','teacher','2026-05-27 05:51:15');
INSERT INTO "users" VALUES(24,NULL,'박가빈','teacher','2026-05-27 05:51:15');
INSERT INTO "users" VALUES(25,NULL,'이태은','teacher','2026-05-27 05:51:15');
INSERT INTO "users" VALUES(26,NULL,'김다해','teacher','2026-05-27 05:51:15');
INSERT INTO "users" VALUES(27,NULL,'오다은','teacher','2026-05-27 05:51:15');
INSERT INTO "users" VALUES(28,NULL,'신지훈','student','2026-05-27 05:51:15');
INSERT INTO "users" VALUES(29,NULL,'정혜윤','student','2026-05-27 05:51:15');
INSERT INTO "users" VALUES(30,NULL,'박성민','student','2026-05-27 05:51:15');
INSERT INTO "users" VALUES(31,NULL,'이도겸','student','2026-05-27 05:51:15');
INSERT INTO "users" VALUES(32,NULL,'원찬우','student','2026-05-27 05:51:15');
INSERT INTO "users" VALUES(33,NULL,'심현아','student','2026-05-27 05:51:15');
INSERT INTO "users" VALUES(34,NULL,'심하린','student','2026-05-27 05:51:15');
INSERT INTO "users" VALUES(35,NULL,'최지민','student','2026-05-27 05:51:15');
INSERT INTO "users" VALUES(36,NULL,'민지우','student','2026-05-27 05:51:15');
INSERT INTO "users" VALUES(37,NULL,'서수현','student','2026-05-27 05:51:15');
INSERT INTO "users" VALUES(38,NULL,'김소율','student','2026-05-27 05:51:15');
INSERT INTO "users" VALUES(39,NULL,'김태은','student','2026-05-27 05:51:15');
INSERT INTO "users" VALUES(40,NULL,'정도윤','student','2026-05-27 05:51:15');
INSERT INTO "users" VALUES(41,NULL,'이인서','student','2026-05-27 05:51:15');
INSERT INTO "users" VALUES(42,NULL,'이재민','student','2026-05-27 05:51:15');
INSERT INTO "users" VALUES(43,NULL,'김준희','student','2026-05-27 05:51:15');
INSERT INTO "users" VALUES(44,NULL,'주형찬','student','2026-05-27 05:51:15');
INSERT INTO "users" VALUES(45,NULL,'장채원','student','2026-05-27 05:51:15');
INSERT INTO "users" VALUES(46,NULL,'서연재','student','2026-05-27 05:51:15');
INSERT INTO "users" VALUES(47,NULL,'이나윤','student','2026-05-27 05:51:15');
INSERT INTO "users" VALUES(48,NULL,'양해민','student','2026-05-27 05:51:15');
INSERT INTO "users" VALUES(49,NULL,'최다은','student','2026-05-27 05:51:15');
INSERT INTO "users" VALUES(50,NULL,'조연우','student','2026-05-27 05:51:15');
INSERT INTO "users" VALUES(51,NULL,'이예인','student','2026-05-27 05:51:15');
INSERT INTO "users" VALUES(52,NULL,'심정은','student','2026-05-27 05:51:15');
INSERT INTO "users" VALUES(53,NULL,'김정수','student','2026-05-27 05:51:15');
INSERT INTO "users" VALUES(54,NULL,'원준우','student','2026-05-27 05:51:15');
INSERT INTO "users" VALUES(55,NULL,'이도윤','student','2026-05-27 05:51:15');
INSERT INTO "users" VALUES(56,NULL,'김바울','student','2026-05-27 05:51:15');
INSERT INTO "users" VALUES(57,NULL,'김예리','student','2026-05-27 05:51:15');
INSERT INTO "users" VALUES(58,NULL,'이지호','student','2026-05-27 05:51:15');
INSERT INTO "users" VALUES(59,NULL,'남다빈','student','2026-05-27 05:51:15');
INSERT INTO "users" VALUES(60,NULL,'장민서','student','2026-05-27 05:51:15');
INSERT INTO "users" VALUES(61,NULL,'허윤재','student','2026-05-27 05:51:15');
INSERT INTO "users" VALUES(62,NULL,'은지호','student','2026-05-27 05:51:15');
INSERT INTO "users" VALUES(63,NULL,'한도연','student','2026-05-27 05:51:15');
INSERT INTO "users" VALUES(64,NULL,'이현빈','student','2026-05-27 05:51:15');
INSERT INTO "users" VALUES(65,NULL,'최하은','student','2026-05-27 05:51:15');
INSERT INTO "users" VALUES(66,NULL,'김주용','student','2026-05-27 05:51:15');
INSERT INTO "users" VALUES(67,NULL,'이수아','student','2026-05-27 05:51:15');
INSERT INTO "users" VALUES(68,NULL,'신유찬','student','2026-05-27 05:51:15');
INSERT INTO "users" VALUES(69,NULL,'백지훈','student','2026-05-27 05:51:15');
INSERT INTO "users" VALUES(70,NULL,'이가윤','student','2026-05-27 05:51:15');
INSERT INTO "users" VALUES(71,NULL,'한형욱','student','2026-05-27 05:51:15');
INSERT INTO "users" VALUES(72,NULL,'이혜빈','student','2026-05-27 05:51:15');
INSERT INTO "users" VALUES(73,NULL,'이나영','student','2026-05-27 05:51:15');
INSERT INTO "users" VALUES(74,NULL,'박승기','student','2026-05-27 05:51:15');
INSERT INTO "users" VALUES(75,NULL,'정우림','student','2026-05-27 05:51:15');
INSERT INTO "users" VALUES(76,NULL,'강진우','student','2026-05-27 05:51:15');
INSERT INTO "users" VALUES(77,NULL,'안세진','student','2026-05-27 05:51:15');
INSERT INTO "users" VALUES(78,NULL,'이승명','student','2026-05-27 05:51:15');
INSERT INTO "users" VALUES(79,NULL,'이지성','student','2026-05-27 05:51:15');
INSERT INTO "users" VALUES(80,NULL,'신소은','student','2026-05-27 05:51:15');
INSERT INTO "users" VALUES(81,NULL,'김선우','student','2026-05-27 05:51:15');
INSERT INTO "users" VALUES(82,NULL,'이석규','student','2026-05-27 05:51:15');
INSERT INTO "users" VALUES(83,NULL,'한지성','student','2026-05-27 05:51:15');
INSERT INTO "users" VALUES(84,NULL,'한예성','student','2026-05-27 05:51:15');
INSERT INTO "users" VALUES(85,NULL,'최이안','student','2026-05-27 05:51:15');
INSERT INTO "users" VALUES(86,NULL,'라아진','student','2026-05-27 05:51:15');
INSERT INTO "users" VALUES(87,NULL,'정소정','student','2026-05-27 05:51:15');
INSERT INTO "users" VALUES(88,NULL,'이우진','student','2026-05-27 05:51:15');
INSERT INTO "users" VALUES(89,NULL,'박성은','student','2026-05-27 05:51:15');
INSERT INTO "users" VALUES(90,NULL,'김태린','student','2026-05-27 05:51:15');
INSERT INTO "users" VALUES(91,NULL,'최동이','student','2026-05-27 05:51:15');
INSERT INTO "users" VALUES(92,NULL,'김민지','student','2026-05-27 05:51:15');
INSERT INTO "users" VALUES(93,NULL,'신지우','student','2026-05-27 05:51:15');
INSERT INTO "users" VALUES(94,NULL,'이서현','student','2026-05-27 05:51:15');
DELETE FROM "sqlite_sequence";
INSERT INTO "sqlite_sequence" VALUES('users',94);
INSERT INTO "sqlite_sequence" VALUES('teacher_profiles',27);
INSERT INTO "sqlite_sequence" VALUES('student_profiles',67);
INSERT INTO "sqlite_sequence" VALUES('products',21);
INSERT INTO "sqlite_sequence" VALUES('subscriptions',88);
INSERT INTO "sqlite_sequence" VALUES('settlements',83);
COMMIT;

PRAGMA foreign_keys=ON;
